PID,Player,Pos,Team,ADP,Pass Comp,Pass Att,Pass Yds,Pass TD,INT,Rush Att,Rush Yds,Rush TD,Rec,Rec Yds,Rec TD,Fum,XP,FG
vinata1,Adam Vinatieri,K,IND,162,0,0,0,0.0,0,0,0,0.0,0,0,0.0,0.0,49.1,27.3
gostks1,Stephen Gostkowski,K,NE,148,0,0,0,0.0,0,0,0,0.0,0,0,0.0,0.0,45.5,27.7
crosbm1,Mason Crosby,K,GB,179,0,0,0,0.0,0,0,0,0.0,0,0,0.0,0.0,48.3,25.9
hauscs1,Steven Hauschka,K,SEA,174,0,0,0,0.0,0,0,0,0.0,0,0,0.0,0.0,41.3,27.6
bailed1,Dan Bailey,K,DAL,182,0,0,0,0.0,0,0,0,0.0,0,0,0.0,0.0,43.0,26.4
parkec1,Cody Parkey,K,PHI,178,0,0,0,0.0,0,0,0,0.0,0,0,0.0,0.0,39.3,27.5
tuckej1,Justin Tucker,K,BAL,181,0,0,0,0.0,0,0,0,0.0,0,0,0.0,0.0,39.8,26.9
sturgc1,Caleb Sturgis,K,MIA,,0,0,0,0.0,0,0,0,0.0,0,0,0.0,0.0,42.3,26.0
carped2,Dan Carpenter,K,BUF,,0,0,0,0.0,0,0,0,0.0,0,0,0.0,0.0,31.4,29.6
mcmanb1,Brandon McManus,K,DEN,,0,0,0,0.0,0,0,0,0.0,0,0,0.0,0.0,48.9,23.7
walshb1,Blair Walsh,K,MIN,,0,0,0,0.0,0,0,0,0.0,0,0,0.0,0.0,39.4,26.6
scobej2,Josh Scobee,K,PIT,,0,0,0,0.0,0,0,0,0.0,0,0,0.0,0.0,43.0,25.3
catanc1,Chandler Catanzaro,K,ARI,,0,0,0,0.0,0,0,0,0.0,0,0,0.0,0.0,38.7,26.7
bryanm1,Matt Bryant,K,ATL,186,0,0,0,0.0,0,0,0,0.0,0,0,0.0,0.0,40.9,25.8
novakn1,Nick Novak,K,SD,,0,0,0,0.0,0,0,0,0.0,0,0,0.0,0.0,42.9,25.1
pratem1,Matt Prater,K,DET,,0,0,0,0.0,0,0,0,0.0,0,0,0.0,0.0,37.5,26.7
brownj1,Josh Brown,K,NYG,,0,0,0,0.0,0,0,0,0.0,0,0,0.0,0.0,41.3,25.1
dawsop1,Phil Dawson,K,SF,,0,0,0,0.0,0,0,0,0.0,0,0,0.0,0.0,34.6,26.4
nugenm1,Mike Nugent,K,CIN,,0,0,0,0.0,0,0,0,0.0,0,0,0.0,0.0,37.0,25.1
santoc1,Cairo Santos,K,KC,,0,0,0,0.0,0,0,0,0.0,0,0,0.0,0.0,36.3,25.3
bullor1,Randy Bullock,K,HOU,,0,0,0,0.0,0,0,0,0.0,0,0,0.0,0.0,34.7,25.6
zuerlg1,Greg Zuerlein,K,STL,,0,0,0,0.0,0,0,0,0.0,0,0,0.0,0.0,34.7,25.1
folkn1,Nick Folk,K,NYJ,,0,0,0,0.0,0,0,0,0.0,0,0,0.0,0.0,35.4,24.8
ganog1,Graham Gano,K,CAR,,0,0,0,0.0,0,0,0,0.0,0,0,0.0,0.0,32.8,25.6
gouldr1,Robbie Gould,K,CHI,,0,0,0,0.0,0,0,0,0.0,0,0,0.0,0.0,38.7,23.4
forbak1,Kai Forbath,K,WAS,,0,0,0,0.0,0,0,0,0.0,0,0,0.0,0.0,32.6,23.9
janiks1,Sebastian Janikowski,K,OAK,,0,0,0,0.0,0,0,0,0.0,0,0,0.0,0.0,31.9,23.4
myersj1,Jason Myers,K,JAX,,0,0,0,0.0,0,0,0,0.0,0,0,0.0,0.0,30.5,23.2
succor1,Ryan Succop,K,TEN,,0,0,0,0.0,0,0,0,0.0,0,0,0.0,0.0,29.0,23.2
hopkid2,Dustin Hopkins,K,NO,,0,0,0,0.0,0,0,0,0.0,0,0,0.0,0.0,35.8,20.0
coonst1,Travis Coons,K,CLE,,0,0,0,0.0,0,0,0,0.0,0,0,0.0,0.0,17.0,14.5
murrap1,Patrick Murray,K,TB,,0,0,0,0.0,0,0,0,0.0,0,0,0.0,0.0,13.6,9.5
spearc1,Carey Spear,K,CLE,,0,0,0,0.0,0,0,0,0.0,0,0,0.0,0.0,11.3,9.7
hockez1,Zach Hocker,K,NO,,0,0,0,0.0,0,0,0,0.0,0,0,0.0,0.0,8.9,5.0
lucka1,Andrew Luck,QB,IND,17,383,617,4707,35.8,15,72,289,3.3,0,0,0.0,3.5,0.0,0.0
rodgea1,Aaron Rodgers,QB,GB,22,368,559,4472,34.3,9,44,263,1.4,0,0,0.0,2.6,0.0,0.0
wilsor1,Russell Wilson,QB,SEA,56,311,486,3790,25.7,10,89,589,3.6,0,0,0.0,2.6,0.0,0.0
mannip1,Peyton Manning,QB,DEN,53,376,581,4560,36.1,14,7,19,0.3,0,0,0.0,2.7,0.0,0.0
breesd1,Drew Brees,QB,NO,68,400,620,4648,31.2,16,21,66,0.4,0,0,0.0,3.1,0.0,0.0
roethb1,Ben Roethlisberger,QB,PIT,62,376,595,4701,30.3,14,9,26,0.7,0,0,0.0,2.9,0.0,0.0
ryanm1,Matt Ryan,QB,ATL,76,382,597,4541,28.5,14,33,159,0.6,0,0,0.0,3.1,0.0,0.0
mannie1,Eli Manning,QB,NYG,105,373,601,4760,28.8,13,10,33,0.4,0,0,0.0,3.1,0.0,0.0
tanner1,Ryan Tannehill,QB,MIA,95,372,586,4072,27.8,15,56,306,1.2,0,0,0.0,3.3,0.0,0.0
romot1,Tony Romo,QB,DAL,86,345,539,4254,30.4,11,17,49,0.5,0,0,0.0,2.8,0.0,0.0
newtoc1,Cam Newton,QB,CAR,108,310,512,3486,20.5,14,110,561,4.4,0,0,0.0,3.6,0.0,0.0
riverp1,Philip Rivers,QB,SD,113,358,570,4268,31.3,15,17,61,0.2,0,0,0.0,2.6,0.0,0.0
staffm1,Matthew Stafford,QB,DET,100,360,591,4248,25.1,12,33,107,2.0,0,0,0.0,2.9,0.0,0.0
bradfs1,Sam Bradford,QB,PHI,116,366,585,4559,25.1,14,28,79,0.5,0,0,0.0,3.6,0.0,0.0
palmec1,Carson Palmer,QB,ARI,134,365,565,4297,27.0,15,23,79,0.5,0,0,0.0,2.8,0.0,0.0
kaepec1,Colin Kaepernick,QB,SF,147,295,490,3284,20.8,11,86,550,2.3,0,0,0.0,3.4,0.0,0.0
bridgt1,Teddy Bridgewater,QB,MIN,131,346,532,3954,23.6,15,47,245,1.3,0,0,0.0,2.7,0.0,0.0
flaccj1,Joe Flacco,QB,BAL,149,352,572,4112,26.5,15,22,61,1.2,0,0,0.0,2.9,0.0,0.0
cutlej1,Jay Cutler,QB,CHI,159,364,568,3978,27.4,19,36,194,0.7,0,0,0.0,3.4,0.0,0.0
smitha4,Alex Smith,QB,KC,,333,533,3799,23.3,11,49,231,0.8,0,0,0.0,3.2,0.0,0.0
bortlb1,Blake Bortles,QB,JAX,,334,564,3949,19.8,18,44,352,1.7,0,0,0.0,3.8,0.0,0.0
folesn1,Nick Foles,QB,STL,,330,541,3832,22.7,16,48,219,1.9,0,0,0.0,3.2,0.0,0.0
daltoa1,Andy Dalton,QB,CIN,169,324,507,3701,23.7,17,63,186,2.3,0,0,0.0,3.0,0.0,0.0
winstj1,Jameis Winston,QB,TB,166,335,549,4083,23.5,17,17,86,0.8,0,0,0.0,3.8,0.0,0.0
mariom1,Marcus Mariota,QB,TEN,168,319,531,3578,18.6,18,68,355,2.1,0,0,0.0,3.8,0.0,0.0
carrd2,Derek Carr,QB,OAK,180,349,583,3875,21.9,14,45,111,0.8,0,0,0.0,4.2,0.0,0.0
bradyt1,Tom Brady,QB,NE,90,293,472,3268,25.6,9,15,45,0.5,0,0,0.0,2.0,0.0,0.0
taylot2,Tyrod Taylor,QB,BUF,,267,449,3099,17.6,15,121,385,2.8,0,0,0.0,3.4,0.0,0.0
fitzpr1,Ryan Fitzpatrick,QB,NYJ,,280,464,3247,21.3,14,48,195,1.2,0,0,0.0,2.6,0.0,0.0
mccowj1,Josh McCown,QB,CLE,,296,511,3270,15.2,17,21,113,1.8,0,0,0.0,2.7,0.0,0.0
griffr1,Robert Griffin III,QB,WAS,,228,338,2477,12.4,9,37,186,0.8,0,0,0.0,2.1,0.0,0.0
hoyerb1,Brian Hoyer,QB,HOU,,194,316,2533,15.5,11,8,24,0.5,0,0,0.0,1.6,0.0,0.0
cousik1,Kirk Cousins,QB,WAS,,129,213,1651,8.3,6,17,56,0.2,0,0,0.0,1.3,0.0,0.0
maller1,Ryan Mallett,QB,HOU,,116,193,1085,6.7,5,2,6,0.1,0,0,0.0,1.0,0.0,0.0
garopj1,Jimmy Garoppolo,QB,NE,,84,123,817,6.4,2,0,0,0.0,0,0,0.0,0.5,0.0,0.0
smithg1,Geno Smith,QB,NYJ,,34,60,361,2.4,2,9,39,0.2,0,0,0.0,0.4,0.0,0.0
siemit1,Trevor Siemian,QB,DEN,,0,0,0,0.0,0,0,0,0.0,0,0,0.0,0.0,0.0,0.0
petera2,Adrian Peterson,RB,MIN,1,0,0,0,0.0,0,299,1245,10.8,49,395,1.2,2.8,0.0,0.0
belll1,LeVeon Bell,RB,PIT,2,0,0,0,0.0,0,213,1024,7.9,64,682,2.1,2.3,0.0,0.0
lynchm1,Marshawn Lynch,RB,SEA,6,0,0,0,0.0,0,264,1130,10.1,37,341,3.0,1.9,0.0,0.0
lacye1,Eddie Lacy,RB,GB,3,0,0,0,0.0,0,249,1106,9.0,46,425,2.1,2.0,0.0,0.0
charlj1,Jamaal Charles,RB,KC,5,0,0,0,0.0,0,254,1196,7.6,51,342,2.8,2.5,0.0,0.0
anderc2,C.J. Anderson,RB,DEN,9,0,0,0,0.0,0,259,1192,8.3,45,310,2.0,2.2,0.0,0.0
fortem1,Matt Forte,RB,CHI,11,0,0,0,0.0,0,260,1037,7.1,56,398,2.5,2.7,0.0,0.0
hillj5,Jeremy Hill,RB,CIN,14,0,0,0,0.0,0,265,1323,7.2,26,204,0.7,2.3,0.0,0.0
murrad1,DeMarco Murray,RB,PHI,15,0,0,0,0.0,0,271,1201,7.5,29,205,0.9,2.1,0.0,0.0
millel2,Lamar Miller,RB,MIA,23,0,0,0,0.0,0,225,1095,7.5,35,265,1.1,2.0,0.0,0.0
goref1,Frank Gore,RB,IND,28,0,0,0,0.0,0,227,965,6.8,52,377,2.1,2.2,0.0,0.0
forsej2,Justin Forsett,RB,BAL,20,0,0,0,0.0,0,177,877,6.0,60,452,2.1,1.7,0.0,0.0
mccoyl2,LeSean McCoy,RB,BUF,19,0,0,0,0.0,0,258,1155,6.8,27,217,0.8,2.3,0.0,0.0
morria1,Alfred Morris,RB,WAS,33,0,0,0,0.0,0,263,1163,6.8,18,144,0.4,2.8,0.0,0.0
ingram1,Mark Ingram,RB,NO,29,0,0,0,0.0,0,221,995,6.8,32,232,0.6,2.0,0.0,0.0
stewaj3,Jonathan Stewart,RB,CAR,41,0,0,0,0.0,0,240,1082,5.2,31,209,0.7,2.3,0.0,0.0
murral1,Latavius Murray,RB,OAK,34,0,0,0,0.0,0,248,1061,6.4,24,155,0.4,2.0,0.0,0.0
gordom1,Melvin Gordon,RB,SD,36,0,0,0,0.0,0,224,981,6.3,25,192,0.9,2.0,0.0,0.0
fostea1,Arian Foster,RB,HOU,65,0,0,0,0.0,0,180,910,6.4,31,253,0.9,1.7,0.0,0.0
ellina1,Andre Ellington,RB,ARI,40,0,0,0,0.0,0,223,793,5.3,44,301,1.4,2.0,0.0,0.0
ivoryc1,Chris Ivory,RB,NYJ,57,0,0,0,0.0,0,215,934,6.1,20,126,0.9,2.1,0.0,0.0
hydec1,Carlos Hyde,RB,SF,39,0,0,0,0.0,0,214,895,6.8,16,99,0.4,2.1,0.0,0.0
abdula1,Ameer Abdullah,RB,DET,38,0,0,0,0.0,0,168,684,3.3,51,404,1.8,1.7,0.0,0.0
yeldot1,T.J. Yeldon,RB,JAX,55,0,0,0,0.0,0,202,809,4.8,32,257,0.6,2.1,0.0,0.0
blounl1,LeGarrette Blount,RB,NE,64,0,0,0,0.0,0,196,846,7.4,10,41,0.3,1.3,0.0,0.0
martid2,Doug Martin,RB,TB,47,0,0,0,0.0,0,188,717,5.3,35,265,0.6,2.0,0.0,0.0
bellj1,Joique Bell,RB,DET,74,0,0,0,0.0,0,167,701,6.3,26,212,0.5,1.5,0.0,0.0
gurlet2,Todd Gurley,RB,STL,46,0,0,0,0.0,0,199,794,4.9,23,172,0.7,1.9,0.0,0.0
randlj1,Joseph Randle,RB,DAL,37,0,0,0,0.0,0,118,787,5.0,21,149,0.3,1.2,0.0,0.0
spillc1,C.J. Spiller,RB,NO,49,0,0,0,0.0,0,81,329,2.6,70,581,2.8,1.2,0.0,0.0
bernag1,Giovani Bernard,RB,CIN,69,0,0,0,0.0,0,125,501,2.7,53,444,2.1,1.4,0.0,0.0
mcfadd1,Darren McFadden,RB,DAL,107,0,0,0,0.0,0,201,688,4.9,24,191,0.6,1.9,0.0,0.0
crowei1,Isaiah Crowell,RB,CLE,84,0,0,0,0.0,0,187,810,5.0,7,49,0.2,1.7,0.0,0.0
colemt1,Tevin Coleman,RB,ATL,77,0,0,0,0.0,0,172,620,5.2,25,136,1.1,1.5,0.0,0.0
verees1,Shane Vereen,RB,NYG,79,0,0,0,0.0,0,100,426,2.3,54,428,2.0,1.2,0.0,0.0
johnsd11,Duke Johnson,RB,CLE,94,0,0,0,0.0,0,145,574,2.6,44,294,1.1,1.7,0.0,0.0
freemd1,Devonta Freeman,RB,ATL,93,0,0,0,0.0,0,133,486,3.5,38,272,1.4,1.3,0.0,0.0
jennir1,Rashad Jennings,RB,NYG,70,0,0,0,0.0,0,131,524,4.8,24,190,0.6,1.2,0.0,0.0
mather1,Ryan Mathews,RB,PHI,81,0,0,0,0.0,0,160,673,4.0,11,91,0.0,1.2,0.0,0.0
cobbd1,David Cobb,RB,TEN,96,0,0,0,0.0,0,158,647,4.8,6,36,0.2,1.5,0.0,0.0
woodhd1,Danny Woodhead,RB,SD,91,0,0,0,0.0,0,60,210,1.4,58,469,2.2,0.9,0.0,0.0
masont1,Tre Mason,RB,STL,83,0,0,0,0.0,0,114,520,2.9,21,153,0.5,1.2,0.0,0.0
sprold1,Darren Sproles,RB,PHI,127,0,0,0,0.0,0,41,224,2.0,40,410,1.8,0.6,0.0,0.0
bluea1,Alfred Blue,RB,HOU,78,0,0,0,0.0,0,155,510,3.0,25,145,0.7,1.4,0.0,0.0
sankeb1,Bishop Sankey,RB,TEN,97,0,0,0,0.0,0,128,523,3.1,22,125,0.6,1.4,0.0,0.0
willia1,Andre Williams,RB,NYG,143,0,0,0,0.0,0,132,458,4.5,11,95,0.6,1.1,0.0,0.0
bushr1,Reggie Bush,RB,SF,132,0,0,0,0.0,0,98,399,2.3,41,230,0.8,1.3,0.0,0.0
johnsd12,David Johnson,RB,ARI,123,0,0,0,0.0,0,90,365,2.9,24,172,0.8,0.9,0.0,0.0
davisk2,Knile Davis,RB,KC,122,0,0,0,0.0,0,108,347,4.0,17,133,0.7,1.0,0.0,0.0
smitha6,Antone Smith,RB,ATL,,0,0,0,0.0,0,60,360,3.1,17,136,1.1,0.6,0.0,0.0
willid1,DeAngelo Williams,RB,PIT,141,0,0,0,0.0,0,131,468,2.7,9,71,0.6,1.1,0.0,0.0
helur1,Roy Helu,RB,OAK,146,0,0,0,0.0,0,53,238,1.3,47,329,1.3,0.8,0.0,0.0
mckinj1,Jerick McKinnon,RB,MIN,,0,0,0,0.0,0,59,327,2.5,28,198,0.5,0.7,0.0,0.0
allenj2,Javorius Allen,RB,BAL,,0,0,0,0.0,0,120,412,1.9,14,123,0.8,0.9,0.0,0.0
simsc1,Charles Sims,RB,TB,140,0,0,0,0.0,0,94,294,3.0,23,184,0.5,1.0,0.0,0.0
talial1,Lorenzo Taliaferro,RB,BAL,,0,0,0,0.0,0,89,351,3.9,11,82,0.3,0.7,0.0,0.0
starkj1,James Starks,RB,GB,187,0,0,0,0.0,0,105,394,2.5,18,112,0.3,0.8,0.0,0.0
dunbal1,Lance Dunbar,RB,DAL,,0,0,0,0.0,0,84,285,1.3,31,298,0.3,1.0,0.0,0.0
jonesm4,Matt Jones,RB,WAS,151,0,0,0,0.0,0,73,298,1.8,36,227,0.4,1.1,0.0,0.0
grayj1,Jonas Gray,RB,NE,137,0,0,0,0.0,0,80,360,4.3,2,20,0.0,0.5,0.0,0.0
turbir1,Robert Turbin,RB,SEA,,0,0,0,0.0,0,83,318,1.2,17,152,1.3,0.6,0.0,0.0
dixona1,Anthony Dixon,RB,BUF,,0,0,0,0.0,0,78,340,2.1,15,108,0.5,0.7,0.0,0.0
westt1,Terrance West,RB,CLE,,0,0,0,0.0,0,77,320,3.7,7,49,0.2,0.7,0.0,0.0
hillmr1,Ronnie Hillman,RB,DEN,153,0,0,0,0.0,0,71,284,1.7,15,137,1.1,0.6,0.0,0.0
robind1,Denard Robinson,RB,JAX,183,0,0,0,0.0,0,72,334,1.4,18,158,0.2,0.8,0.0,0.0
herrod1,Dan Herron,RB,IND,,0,0,0,0.0,0,64,281,1.9,17,165,0.4,0.6,0.0,0.0
polkc1,Chris Polk,RB,HOU,,0,0,0,0.0,0,90,357,1.5,15,109,0.3,0.9,0.0,0.0
gerhat1,Toby Gerhart,RB,JAX,,0,0,0,0.0,0,51,176,2.2,27,237,0.2,0.7,0.0,0.0
willid9,Damien Williams,RB,MIA,,0,0,0,0.0,0,75,241,3.9,13,61,0.3,0.7,0.0,0.0
cunnib2,Benny Cunningham,RB,STL,,0,0,0,0.0,0,41,164,1.1,33,268,0.9,0.6,0.0,0.0
robink3,Khiry Robinson,RB,NO,185,0,0,0,0.0,0,64,319,2.8,8,46,0.0,0.6,0.0,0.0
oliveb1,Branden Oliver,RB,SD,,0,0,0,0.0,0,66,280,2.4,14,107,0.0,0.6,0.0,0.0
reecem1,Marcel Reece,RB,OAK,,0,0,0,0.0,0,47,158,1.5,30,213,0.9,0.6,0.0,0.0
powelb1,Bilal Powell,RB,NYJ,,0,0,0,0.0,0,43,195,1.1,25,180,1.2,0.6,0.0,0.0
ballm1,Montee Ball,RB,DEN,167,0,0,0,0.0,0,81,246,2.1,11,91,0.7,0.7,0.0,0.0
ridles1,Stevan Ridley,RB,NYJ,,0,0,0,0.0,0,92,350,2.0,2,18,0.0,0.8,0.0,0.0
mcclud1,Dexter McCluster,RB,TEN,,0,0,0,0.0,0,50,177,0.4,32,215,0.9,0.7,0.0,0.0
johnsc4,Chris Johnson,RB,ARI,,0,0,0,0.0,0,41,190,1.2,13,129,0.8,0.4,0.0,0.0
huntek1,Kendall Hunter,RB,SF,,0,0,0,0.0,0,61,237,1.8,9,66,0.2,0.6,0.0,0.0
boldeb1,Brandon Bolden,RB,NE,,0,0,0,0.0,0,77,243,1.2,11,82,0.3,0.6,0.0,0.0
raineb1,Bobby Rainey,RB,TB,,0,0,0,0.0,0,56,251,1.4,13,82,0.0,0.6,0.0,0.0
whitej4,James White,RB,NE,,0,0,0,0.0,0,43,180,0.1,27,163,1.0,0.5,0.0,0.0
riddit1,Theo Riddick,RB,DET,,0,0,0,0.0,0,13,41,0.2,29,276,0.8,0.3,0.0,0.0
grimej1,Jonathan Grimes,RB,HOU,,0,0,0,0.0,0,57,235,1.0,12,72,0.2,0.6,0.0,0.0
michac1,Christine Michael,RB,SEA,,0,0,0,0.0,0,62,294,0.6,3,19,0.1,0.4,0.0,0.0
artisc1,Cameron Artis-Payne,RB,CAR,158,0,0,0,0.0,0,55,200,1.0,12,87,0.2,0.6,0.0,0.0
careyk1,KaDeem Carey,RB,CHI,,0,0,0,0.0,0,45,202,1.9,4,20,0.1,0.4,0.0,0.0
willik4,Karlos Williams,RB,BUF,,0,0,0,0.0,0,46,181,1.0,9,77,0.4,0.4,0.0,0.0
brownd6,Donald Brown,RB,SD,,0,0,0,0.0,0,57,202,1.3,7,43,0.0,0.5,0.0,0.0
stacyz1,Zac Stacy,RB,NYJ,,0,0,0,0.0,0,48,195,1.2,5,36,0.2,0.5,0.0,0.0
ajayij1,Jay Ajayi,RB,MIA,,0,0,0,0.0,0,34,121,1.7,7,20,0.0,0.3,0.0,0.0
robinj2,Josh Robinson,RB,IND,,0,0,0,0.0,0,33,123,1.2,8,47,0.0,0.3,0.0,0.0
milleb3,Bruce Miller,RB,SF,,0,0,0,0.0,0,0,0,0.0,17,164,0.8,0.2,0.0,0.0
juszck1,Kyle Juszczyk,RB,BAL,,0,0,0,0.0,0,0,0,0.0,18,164,0.8,0.1,0.0,0.0
thompj1,Juwan Thompson,RB,DEN,,0,0,0,0.0,0,19,95,1.5,4,23,0.0,0.2,0.0,0.0
johnsg2,Gus Johnson,RB,DAL,,0,0,0,0.0,0,42,157,0.9,0,0,0.0,0.4,0.0,0.0
harrij8,Josh Harris,RB,PIT,,0,0,0,0.0,0,46,141,1.1,0,0,0.0,0.4,0.0,0.0
langfj1,Jeremy Langford,RB,CHI,,0,0,0,0.0,0,35,135,1.0,2,12,0.0,0.3,0.0,0.0
willik3,Kerwynn Williams,RB,ARI,,0,0,0,0.0,0,16,79,1.1,7,43,0.3,0.2,0.0,0.0
youngd1,Darrel Young,RB,WAS,,0,0,0,0.0,0,9,28,1.8,11,41,0.4,0.2,0.0,0.0
tolbem1,Mike Tolbert,RB,CAR,,0,0,0,0.0,0,27,80,1.5,5,21,0.1,0.3,0.0,0.0
redds1,Silas Redd,RB,WAS,,0,0,0,0.0,0,18,93,0.5,13,62,0.2,0.3,0.0,0.0
asiatm1,Matt Asiata,RB,MIN,,0,0,0,0.0,0,20,82,0.8,7,40,0.2,0.2,0.0,0.0
darkwo1,Orleans Darkwa,RB,NYG,,0,0,0,0.0,0,47,147,0.6,0,0,0.0,0.4,0.0,0.0
kuhnj2,John Kuhn,RB,GB,,0,0,0,0.0,0,25,84,1.1,6,22,0.2,0.2,0.0,0.0
toussf1,Fitzgerald Toussaint,RB,BAL,,0,0,0,0.0,0,19,53,0.4,11,82,0.3,0.2,0.0,0.0
rodgej1,Jacquizz Rodgers,RB,CHI,,0,0,0,0.0,0,22,84,0.6,7,40,0.3,0.3,0.0,0.0
burkhr1,Rex Burkhead,RB,CIN,,0,0,0,0.0,0,14,43,0.9,10,56,0.2,0.2,0.0,0.0
jamesl1,LaMichael James,RB,MIA,,0,0,0,0.0,0,26,74,0.0,11,81,0.0,0.3,0.0,0.0
piercb1,Bernard Pierce,RB,JAX,,0,0,0,0.0,0,21,88,0.6,3,20,0.0,0.2,0.0,0.0
thompc1,Chris Thompson,RB,WAS,,0,0,0,0.0,0,4,19,0.0,13,83,0.6,0.2,0.0,0.0
arched1,Dri Archer,RB,PIT,,0,0,0,0.0,0,11,44,0.3,8,56,0.3,0.2,0.0,0.0
sherma1,Anthony Sherman,RB,KC,,0,0,0,0.0,0,3,10,0.1,10,76,0.5,0.1,0.0,0.0
brownb1,Bryce Brown,RB,BUF,,0,0,0,0.0,0,12,45,0.5,5,31,0.2,0.1,0.0,0.0
taylos1,Stepfan Taylor,RB,ARI,,0,0,0,0.0,0,13,48,0.6,4,21,0.1,0.1,0.0,0.0
zennez1,Zach Zenner,RB,DET,,0,0,0,0.0,0,16,66,0.4,0,0,0.0,0.1,0.0,0.0
peermc1,Cedric Peerman,RB,CIN,,0,0,0,0.0,0,14,43,0.3,3,19,0.0,0.1,0.0,0.0
whittf1,Fozzy Whittaker,RB,CAR,,0,0,0,0.0,0,9,40,0.2,3,14,0.1,0.1,0.0,0.0
lorige1,Erik Lorig,RB,NO,,0,0,0,0.0,0,3,9,0.0,8,46,0.3,0.1,0.0,0.0
gillim1,Mike Gillislee,RB,MIA,,0,0,0,0.0,0,5,19,0.1,7,41,0.0,0.1,0.0,0.0
dimarp1,Patrick DiMarco,RB,ATL,,0,0,0,0.0,0,0,0,0.0,8,45,0.3,0.1,0.0,0.0
jamesm1,Mike James,RB,TB,,0,0,0,0.0,0,18,57,0.1,0,0,0.0,0.2,0.0,0.0
johnsw1,Will Johnson,RB,PIT,,0,0,0,0.0,0,0,0,0.0,6,47,0.2,0.0,0.0,0.0
johnsa4,Austin Johnson,RB,NO,,0,0,0,0.0,0,6,19,0.0,4,23,0.2,0.1,0.0,0.0
bohant1,Tommy Bohanon,RB,NYJ,,0,0,0,0.0,0,0,0,0.0,6,36,0.2,0.1,0.0,0.0
gricem1,Marion Grice,RB,ARI,,0,0,0,0.0,0,10,32,0.2,0,0,0.0,0.1,0.0,0.0
draugs1,Shaun Draughn,RB,CLE,,0,0,0,0.0,0,12,38,0.1,0,0,0.0,0.1,0.0,0.0
tiptoz1,Zurlon Tipton,RB,IND,,0,0,0,0.0,0,6,18,0.0,4,24,0.0,0.1,0.0,0.0
ballav1,Vick Ballard,RB,IND,,0,0,0,0.0,0,10,35,0.1,0,0,0.0,0.1,0.0,0.0
lewisd1,Dion Lewis,RB,NE,,0,0,0,0.0,0,5,18,0.0,4,20,0.0,0.1,0.0,0.0
davism3,Mike Davis,RB,SF,,0,0,0,0.0,0,6,22,0.3,0,0,0.0,0.1,0.0,0.0
colemd1,Derrick Coleman,RB,SEA,,0,0,0,0.0,0,0,0,0.0,6,38,0.0,0.0,0.0,0.0
bakere1,Edwin Baker,RB,NO,,0,0,0,0.0,0,6,19,0.3,0,0,0.0,0.0,0.0,0.0
lanej1,Jorvorskie Lane,RB,TB,,0,0,0,0.0,0,3,29,0.0,0,0,0.0,0.0,0.0,0.0
winng1,George Winn,RB,DET,,0,0,0,0.0,0,4,16,0.1,0,0,0.0,0.0,0.0,0.0
wattst1,Trey Watts,RB,STL,,0,0,0,0.0,0,4,18,0.1,0,0,0.0,0.0,0.0,0.0
stewaj4,Jeremy Stewart,RB,DEN,,0,0,0,0.0,0,6,19,0.0,0,0,0.0,0.0,0.0,0.0
rawlst1,Thomas Rawls,RB,SEA,,0,0,0,0.0,0,3,12,0.1,0,0,0.0,0.0,0.0,0.0
ripkoa1,Aaron Ripkowski,RB,GB,,0,0,0,0.0,0,3,9,0.1,0,0,0.0,0.0,0.0,0.0
develj1,James Develin,RB,NE,,0,0,0,0.0,0,0,0,0.0,2,12,0.0,0.0,0.0,0.0
smithj4,Jerome Smith,RB,ATL,,0,0,0,0.0,0,2,8,0.1,0,0,0.0,0.0,0.0,0.0
hynosh1,Henry Hynoski,RB,NYG,,0,0,0,0.0,0,3,8,0.0,0,0,0.0,0.0,0.0,0.0
crockj1,John Crockett,RB,GB,,0,0,0,0.0,0,0,0,0.0,0,0,0.0,0.0,0.0,0.0
gronkr1,Rob Gronkowski,TE,NE,13,0,0,0,0.0,0,0,0,0.0,86,1103,11.8,0.6,0.0,0.0
grahaj1,Jimmy Graham,TE,SEA,32,0,0,0,0.0,0,0,0,0.0,79,967,7.7,0.6,0.0,0.0
olseng1,Greg Olsen,TE,CAR,59,0,0,0,0.0,0,0,0,0.0,82,924,6.2,0.7,0.0,0.0
kelcet1,Travis Kelce,TE,KC,51,0,0,0,0.0,0,0,0,0.0,66,874,6.2,0.6,0.0,0.0
bennem2,Martellus Bennett,TE,CHI,71,0,0,0,0.0,0,0,0,0.0,76,804,5.5,0.7,0.0,0.0
walked2,Delanie Walker,TE,TEN,114,0,0,0,0.0,0,0,0,0.0,70,877,3.5,0.6,0.0,0.0
camerj1,Jordan Cameron,TE,MIA,92,0,0,0,0.0,0,0,0,0.0,60,651,5.3,0.5,0.0,0.0
ertzz1,Zach Ertz,TE,PHI,128,0,0,0,0.0,0,0,0,0.0,55,707,4.1,0.4,0.0,0.0
wittej1,Jason Witten,TE,DAL,104,0,0,0,0.0,0,0,0,0.0,64,702,4.3,0.6,0.0,0.0
allend1,Dwayne Allen,TE,IND,136,0,0,0,0.0,0,0,0,0.0,36,424,7.9,0.3,0.0,0.0
eifert1,Tyler Eifert,TE,CIN,112,0,0,0,0.0,0,0,0,0.0,48,618,4.3,0.4,0.0,0.0
gatesa1,Antonio Gates,TE,SD,145,0,0,0,0.0,0,0,0,0.0,41,512,5.9,0.3,0.0,0.0
rudolk1,Kyle Rudolph,TE,MIN,133,0,0,0,0.0,0,0,0,0.0,47,478,5.4,0.3,0.0,0.0
sefera1,Austin Seferian-Jenkins,TE,TB,155,0,0,0,0.0,0,0,0,0.0,48,572,3.8,0.4,0.0,0.0
thomaj1,Julius Thomas,TE,JAX,87,0,0,0,0.0,0,0,0,0.0,45,553,4.0,0.4,0.0,0.0
hillj4,Josh Hill,TE,NO,154,0,0,0,0.0,0,0,0,0.0,46,534,4.2,0.4,0.0,0.0
donnel1,Larry Donnell,TE,NYG,,0,0,0,0.0,0,0,0,0.0,49,524,4.3,0.4,0.0,0.0
danieo1,Owen Daniels,TE,DEN,111,0,0,0,0.0,0,0,0,0.0,47,479,5.1,0.4,0.0,0.0
milleh2,Heath Miller,TE,PIT,200,0,0,0,0.0,0,0,0,0.0,49,611,2.7,0.4,0.0,0.0
greenl1,Ladarius Green,TE,SD,,0,0,0,0.0,0,0,0,0.0,40,469,4.9,0.3,0.0,0.0
fleenc1,Coby Fleener,TE,IND,,0,0,0,0.0,0,0,0,0.0,40,494,4.3,0.3,0.0,0.0
reedj4,Jordan Reed,TE,WAS,,0,0,0,0.0,0,0,0,0.0,51,557,3.0,0.5,0.0,0.0
cookj2,Jared Cook,TE,STL,,0,0,0,0.0,0,0,0,0.0,45,517,3.1,0.4,0.0,0.0
davisv1,Vernon Davis,TE,SF,161,0,0,0,0.0,0,0,0,0.0,41,476,3.7,0.4,0.0,0.0
rodger1,Richard Rodgers,TE,GB,176,0,0,0,0.0,0,0,0,0.0,41,470,3.6,0.3,0.0,0.0
ebrone1,Eric Ebron,TE,DET,199,0,0,0,0.0,0,0,0,0.0,44,467,2.4,0.3,0.0,0.0
amaroj1,Jace Amaro,TE,NYJ,,0,0,0,0.0,0,0,0,0.0,41,361,2.8,0.4,0.0,0.0
clayc1,Charles Clay,TE,BUF,,0,0,0,0.0,0,0,0,0.0,36,356,2.8,0.3,0.0,0.0
gillmc1,Crockett Gillmore,TE,BAL,,0,0,0,0.0,0,0,0,0.0,32,370,2.5,0.3,0.0,0.0
watsob1,Ben Watson,TE,NO,,0,0,0,0.0,0,0,0,0.0,30,349,2.8,0.2,0.0,0.0
grahag1,Garrett Graham,TE,HOU,,0,0,0,0.0,0,0,0,0.0,36,362,2.3,0.3,0.0,0.0
greshj1,Jermaine Gresham,TE,ARI,,0,0,0,0.0,0,0,0,0.0,31,344,2.4,0.2,0.0,0.0
celekb1,Brent Celek,TE,PHI,,0,0,0,0.0,0,0,0,0.0,31,388,1.3,0.2,0.0,0.0
tammej1,Jacob Tamme,TE,ATL,,0,0,0,0.0,0,0,0,0.0,34,318,2.3,0.3,0.0,0.0
kendrl1,Lance Kendricks,TE,STL,,0,0,0,0.0,0,0,0,0.0,23,230,3.6,0.2,0.0,0.0
willsl1,Luke Willson,TE,SEA,,0,0,0,0.0,0,0,0,0.0,19,284,2.6,0.1,0.0,0.0
lewism2,Marcedes Lewis,TE,JAX,,0,0,0,0.0,0,0,0,0.0,27,316,1.9,0.2,0.0,0.0
riverm1,Mychal Rivera,TE,OAK,,0,0,0,0.0,0,0,0,0.0,30,298,2.1,0.3,0.0,0.0
chands1,Scott Chandler,TE,NE,,0,0,0,0.0,0,0,0,0.0,15,204,3.5,0.1,0.0,0.0
walfoc1,Clive Walford,TE,OAK,,0,0,0,0.0,0,0,0,0.0,26,291,1.9,0.2,0.0,0.0
willim6,Maxx Williams,TE,BAL,,0,0,0,0.0,0,0,0,0.0,18,247,2.1,0.1,0.0,0.0
houslr1,Rob Housler,TE,CLE,,0,0,0,0.0,0,0,0,0.0,27,262,1.8,0.2,0.0,0.0
escobg1,Gavin Escobar,TE,DAL,,0,0,0,0.0,0,0,0,0.0,17,213,2.4,0.2,0.0,0.0
cumbej1,Jeff Cumberland,TE,NYJ,,0,0,0,0.0,0,0,0,0.0,19,180,2.1,0.2,0.0,0.0
faurij1,Joseph Fauria,TE,DET,,0,0,0,0.0,0,0,0,0.0,11,127,2.4,0.1,0.0,0.0
quarla1,Andrew Quarless,TE,GB,,0,0,0,0.0,0,0,0,0.0,18,179,1.4,0.1,0.0,0.0
toilol1,Levine Toilolo,TE,ATL,,0,0,0,0.0,0,0,0,0.0,15,136,2.0,0.1,0.0,0.0
barnig1,Gary Barnidge,TE,CLE,,0,0,0,0.0,0,0,0,0.0,13,164,1.2,0.1,0.0,0.0
fasana1,Anthony Fasano,TE,TEN,,0,0,0,0.0,0,0,0,0.0,16,179,0.9,0.1,0.0,0.0
moeakt1,Tony Moeaki,TE,ATL,,0,0,0,0.0,0,0,0,0.0,11,136,0.9,0.1,0.0,0.0
helfec1,Cooper Helfet,TE,SEA,,0,0,0,0.0,0,0,0,0.0,8,114,1.2,0.1,0.0,0.0
paulsl1,Logan Paulsen,TE,WAS,,0,0,0,0.0,0,0,0,0.0,13,124,0.8,0.1,0.0,0.0
simsd1,Dion Sims,TE,MIA,,0,0,0,0.0,0,0,0,0.0,13,122,0.8,0.1,0.0,0.0
greenv1,Virgil Green,TE,DEN,,0,0,0,0.0,0,0,0,0.0,8,91,1.1,0.1,0.0,0.0
myersb1,Brandon Myers,TE,TB,,0,0,0,0.0,0,0,0,0.0,13,122,0.5,0.1,0.0,0.0
drayj1,Jim Dray,TE,CLE,,0,0,0,0.0,0,0,0,0.0,12,98,0.8,0.1,0.0,0.0
graggc1,Chris Gragg,TE,BUF,,0,0,0,0.0,0,0,0,0.0,9,93,0.7,0.1,0.0,0.0
fiedoc1,C.J. Fiedorowicz,TE,HOU,,0,0,0,0.0,0,0,0,0.0,9,90,0.7,0.1,0.0,0.0
fellsd1,Daniel Fells,TE,NYG,,0,0,0,0.0,0,0,0,0.0,9,95,0.6,0.1,0.0,0.0
pettib1,Brandon Pettigrew,TE,DET,,0,0,0,0.0,0,0,0,0.0,9,85,0.5,0.1,0.0,0.0
caseyj1,James Casey,TE,DEN,,0,0,0,0.0,0,0,0,0.0,6,68,0.7,0.0,0.0,0.0
dixonc1,Chase Dixon,TE,WAS,,0,0,0,0.0,0,0,0,0.0,7,83,0.4,0.1,0.0,0.0
ellisr1,Rhett Ellison,TE,MIN,,0,0,0,0.0,0,0,0,0.0,10,79,0.5,0.1,0.0,0.0
superp1,Phillip Supernaw,TE,TEN,,0,0,0,0.0,0,0,0,0.0,6,72,0.6,0.1,0.0,0.0
fellsd2,Darren Fells,TE,ARI,,0,0,0,0.0,0,0,0,0.0,7,64,0.7,0.1,0.0,0.0
stockl1,Luke Stocker,TE,TB,,0,0,0,0.0,0,0,0,0.0,10,61,0.7,0.1,0.0,0.0
spaetm1,Matt Spaeth,TE,PIT,,0,0,0,0.0,0,0,0,0.0,4,47,0.9,0.0,0.0,0.0
kroftt1,Tyler Kroft,TE,CIN,,0,0,0,0.0,0,0,0,0.0,10,74,0.5,0.1,0.0,0.0
dickse1,Ed Dickson,TE,CAR,,0,0,0,0.0,0,0,0,0.0,8,70,0.4,0.1,0.0,0.0
rosard1,Dante Rosario,TE,CHI,,0,0,0,0.0,0,0,0,0.0,7,60,0.5,0.1,0.0,0.0
mcdonv1,Vance McDonald,TE,SF,,0,0,0,0.0,0,0,0,0.0,6,66,0.4,0.1,0.0,0.0
harrid3,Demetrius Harris,TE,KC,,0,0,0,0.0,0,0,0,0.0,7,57,0.5,0.1,0.0,0.0
sudfez1,Zach Sudfeld,TE,NYJ,,0,0,0,0.0,0,0,0,0.0,5,54,0.2,0.0,0.0,0.0
robina2,Adrien Robinson,TE,NYG,,0,0,0,0.0,0,0,0,0.0,4,48,0.3,0.0,0.0,0.0
griffr2,Ryan Griffin,TE,HOU,,0,0,0,0.0,0,0,0,0.0,3,36,0.4,0.0,0.0,0.0
niklat1,Troy Niklas,TE,ARI,,0,0,0,0.0,0,0,0,0.0,4,43,0.3,0.0,0.0,0.0
smithl1,Lee Smith,TE,OAK,,0,0,0,0.0,0,0,0,0.0,3,39,0.3,0.0,0.0,0.0
pruitm1,MyCole Pruitt,TE,MIN,,0,0,0,0.0,0,0,0,0.0,3,40,0.2,0.0,0.0,0.0
carrid1,Derek Carrier,TE,WAS,,0,0,0,0.0,0,0,0,0.0,4,41,0.2,0.0,0.0,0.0
doylej1,Jack Doyle,TE,IND,,0,0,0,0.0,0,0,0,0.0,4,24,0.4,0.0,0.0,0.0
graym1,MarQueis Gray,TE,BUF,,0,0,0,0.0,0,0,0,0.0,3,31,0.2,0.0,0.0,0.0
willib2,Brandon Williams,TE,CAR,,0,0,0,0.0,0,0,0,0.0,3,35,0.1,0.0,0.0,0.0
hoomam1,Michael Hoomanawanui,TE,NE,,0,0,0,0.0,0,0,0,0.0,2,20,0.3,0.0,0.0,0.0
jamesj2,Jesse James,TE,PIT,,0,0,0,0.0,0,0,0,0.0,2,24,0.2,0.0,0.0,0.0
charlo1,Orson Charles,TE,NO,,0,0,0,0.0,0,0,0,0.0,2,23,0.2,0.0,0.0,0.0
phillj1,John Phillips,TE,SD,,0,0,0,0.0,0,0,0,0.0,2,21,0.2,0.0,0.0,0.0
burtot1,Trey Burton,TE,PHI,,0,0,0,0.0,0,0,0,0.0,2,23,0.1,0.0,0.0,0.0
millez2,Zachary Miller,TE,CHI,,0,0,0,0.0,0,0,0,0.0,2,20,0.1,0.0,0.0,0.0
gordor1,Richard Gordon,TE,KC,,0,0,0,0.0,0,0,0,0.0,2,19,0.1,0.0,0.0,0.0
browna4,Antonio Brown,WR,PIT,4,0,0,0,0.0,0,2,9,0.0,117,1551,11.5,1.0,0.0,0.0
thomad5,Demaryius Thomas,WR,DEN,10,0,0,0,0.0,0,0,0,0.0,105,1537,11.6,0.8,0.0,0.0
bryand1,Dez Bryant,WR,DAL,7,0,0,0,0.0,0,0,0,0.0,95,1425,13.1,0.8,0.0,0.0
beckho1,Odell Beckham,WR,NYG,12,0,0,0,0.0,0,8,41,0.0,98,1476,11.2,0.8,0.0,0.0
jonesj6,Julio Jones,WR,ATL,8,0,0,0,0.0,0,0,0,0.0,98,1589,8.0,0.8,0.0,0.0
johnsc3,Calvin Johnson,WR,DET,16,0,0,0,0.0,0,0,0,0.0,91,1359,11.0,0.7,0.0,0.0
greena2,A.J. Green,WR,CIN,18,0,0,0,0.0,0,0,0,0.0,92,1332,9.7,0.8,0.0,0.0
cobbr1,Randall Cobb,WR,GB,21,0,0,0,0.0,0,10,38,0.0,91,1230,10.5,0.7,0.0,0.0
evansm1,Mike Evans,WR,TB,26,0,0,0,0.0,0,0,0,0.0,82,1225,9.4,0.7,0.0,0.0
jeffea1,Alshon Jeffery,WR,CHI,25,0,0,0,0.0,0,6,34,0.0,87,1174,8.5,0.8,0.0,0.0
sandee1,Emmanuel Sanders,WR,DEN,35,0,0,0,0.0,0,7,38,0.0,86,1117,8.8,0.7,0.0,0.0
hiltot1,T.Y. Hilton,WR,IND,24,0,0,0,0.0,0,3,26,0.0,84,1200,7.5,0.7,0.0,0.0
hopkid1,DeAndre Hopkins,WR,HOU,31,0,0,0,0.0,0,0,0,0.0,77,1230,7.1,0.6,0.0,0.0
matthj2,Jordan Matthews,WR,PHI,30,0,0,0,0.0,0,0,0,0.0,85,1185,7.7,0.6,0.0,0.0
cooksb1,Brandin Cooks,WR,NO,27,0,0,0,0.0,0,12,113,0.7,88,1022,7.5,0.8,0.0,0.0
jacksd2,DeSean Jackson,WR,WAS,67,0,0,0,0.0,0,0,0,0.0,58,1073,6.4,0.6,0.0,0.0
adamsd2,Davante Adams,WR,GB,66,0,0,0,0.0,0,0,0,0.0,81,984,7.5,0.6,0.0,0.0
johnsa3,Andre Johnson,WR,IND,42,0,0,0,0.0,0,0,0,0.0,79,1083,5.9,0.7,0.0,0.0
edelmj1,Julian Edelman,WR,NE,52,0,0,0,0.0,0,12,108,0.0,97,1001,5.4,0.7,0.0,0.0
coopea1,Amari Cooper,WR,OAK,43,0,0,0,0.0,0,3,16,0.1,75,1042,6.1,0.7,0.0,0.0
fitzgl1,Larry Fitzgerald,WR,ARI,85,0,0,0,0.0,0,0,0,0.0,80,1031,6.5,0.6,0.0,0.0
allenk1,Keenan Allen,WR,SD,44,0,0,0,0.0,0,0,0,0.0,83,1003,6.9,0.6,0.0,0.0
maclij1,Jeremy Maclin,WR,KC,58,0,0,0,0.0,0,0,0,0.0,82,1045,6.2,0.7,0.0,0.0
marshb1,Brandon Marshall,WR,NYJ,54,0,0,0,0.0,0,0,0,0.0,77,1028,6.4,0.7,0.0,0.0
tateg1,Golden Tate,WR,DET,45,0,0,0,0.0,0,5,33,0.0,82,1083,4.9,0.6,0.0,0.0
robina3,Allen Robinson,WR,JAX,60,0,0,0,0.0,0,0,0,0.0,81,1046,5.5,0.7,0.0,0.0
landrj1,Jarvis Landry,WR,MIA,50,0,0,0,0.0,0,0,0,0.0,91,896,8.1,0.7,0.0,0.0
jacksv1,Vincent Jackson,WR,TB,72,0,0,0,0.0,0,0,0,0.0,75,1102,4.6,0.7,0.0,0.0
whiter3,Roddy White,WR,ATL,88,0,0,0,0.0,0,0,0,0.0,79,999,6.3,0.6,0.0,0.0
deckee1,Eric Decker,WR,NYJ,106,0,0,0,0.0,0,0,0,0.0,75,1010,5.9,0.7,0.0,0.0
boldia1,Anquan Boldin,WR,SF,102,0,0,0,0.0,0,0,0,0.0,85,1018,5.4,0.8,0.0,0.0
agholn1,Nelson Agholor,WR,PHI,63,0,0,0,0.0,0,6,36,0.0,66,957,5.6,0.5,0.0,0.0
watkis1,Sammy Watkins,WR,BUF,61,0,0,0,0.0,0,0,0,0.0,71,1007,5.4,0.6,0.0,0.0
smiths1,Steve L Smith,WR,BAL,89,0,0,0,0.0,0,0,0,0.0,74,1007,5.3,0.6,0.0,0.0
johnsc5,Charles Johnson,WR,MIN,73,0,0,0,0.0,0,0,0,0.0,68,965,5.9,0.5,0.0,0.0
brownj5,John Brown,WR,ARI,75,0,0,0,0.0,0,0,0,0.0,64,924,5.9,0.5,0.0,0.0
wallam1,Mike Wallace,WR,MIN,80,0,0,0,0.0,0,0,0,0.0,63,909,6.1,0.5,0.0,0.0
bryanm2,Martavis Bryant,WR,PIT,48,0,0,0,0.0,0,11,44,0.0,49,776,7.3,0.5,0.0,0.0
funchd1,Devin Funchess,WR,CAR,98,0,0,0,0.0,0,0,0,0.0,67,906,5.7,0.6,0.0,0.0
royale1,Eddie Royal,WR,CHI,101,0,0,0,0.0,0,0,0,0.0,67,855,6.6,0.6,0.0,0.0
wrighk1,Kendall Wright,WR,TEN,118,0,0,0,0.0,0,7,71,0.0,72,787,6.0,0.7,0.0,0.0
smitht7,Torrey Smith,WR,SF,103,0,0,0,0.0,0,0,0,0.0,50,827,6.3,0.5,0.0,0.0
colstm1,Marques Colston,WR,NO,110,0,0,0,0.0,0,0,0,0.0,54,790,6.9,0.4,0.0,0.0
floydm3,Michael Floyd,WR,ARI,126,0,0,0,0.0,0,0,0,0.0,55,859,5.4,0.4,0.0,0.0
cruzv1,Victor Cruz,WR,NYG,82,0,0,0,0.0,0,0,0,0.0,54,881,5.0,0.4,0.0,0.0
garcop1,Pierre Garcon,WR,WAS,119,0,0,0,0.0,0,0,0,0.0,74,867,5.0,0.7,0.0,0.0
perrib1,Breshad Perriman,WR,BAL,115,0,0,0,0.0,0,0,0,0.0,49,761,6.0,0.4,0.0,0.0
lafelb1,Brandon LaFell,WR,NE,99,0,0,0,0.0,0,0,0,0.0,59,756,5.6,0.4,0.0,0.0
quickb1,Brian Quick,WR,STL,124,0,0,0,0.0,0,0,0,0.0,53,766,5.3,0.4,0.0,0.0
willit3,Terrance Williams,WR,DAL,117,0,0,0,0.0,0,0,0,0.0,43,702,6.1,0.4,0.0,0.0
johnss1,Stevie Johnson,WR,SD,121,0,0,0,0.0,0,0,0,0.0,54,755,5.2,0.4,0.0,0.0
hurnsa1,Allen Hurns,WR,JAX,,0,0,0,0.0,0,0,0,0.0,56,770,5.0,0.5,0.0,0.0
stillk1,Kenny Stills,WR,MIA,139,0,0,0,0.0,0,0,0,0.0,52,733,5.4,0.4,0.0,0.0
baldwd1,Doug Baldwin,WR,SEA,170,0,0,0,0.0,0,0,0,0.0,65,815,3.9,0.5,0.0,0.0
brittk1,Kenny Britt,WR,STL,,0,0,0,0.0,0,0,0,0.0,46,728,4.5,0.4,0.0,0.0
jonesm3,Marvin Jones,WR,CIN,144,0,0,0,0.0,0,3,21,0.0,48,629,5.2,0.4,0.0,0.0
crabtm1,Michael Crabtree,WR,OAK,135,0,0,0,0.0,0,0,0,0.0,56,736,3.7,0.5,0.0,0.0
parked1,DeVante Parker,WR,MIA,130,0,0,0,0.0,0,0,0,0.0,47,672,4.4,0.4,0.0,0.0
harvip1,Percy Harvin,WR,BUF,177,0,0,0,0.0,0,24,158,0.7,45,527,3.3,0.6,0.0,0.0
randlr1,Rueben Randle,WR,NYG,165,0,0,0,0.0,0,0,0,0.0,45,714,3.2,0.4,0.0,0.0
wheatm1,Markus Wheaton,WR,PIT,120,0,0,0,0.0,0,2,9,0.0,53,658,3.5,0.5,0.0,0.0
colemb2,Brandon Coleman,WR,NO,156,0,0,0,0.0,0,0,0,0.0,38,627,3.9,0.3,0.0,0.0
dorsep1,Phillip Dorsett,WR,IND,163,0,0,0,0.0,0,0,0,0.0,38,565,4.8,0.3,0.0,0.0
janisj1,Jeff Janis,WR,GB,175,0,0,0,0.0,0,0,0,0.0,37,537,4.8,0.3,0.0,0.0
hartlb1,Brian Hartline,WR,CLE,,0,0,0,0.0,0,0,0,0.0,49,670,2.6,0.4,0.0,0.0
bowed1,Dwayne Bowe,WR,CLE,,0,0,0,0.0,0,0,0,0.0,50,654,2.7,0.4,0.0,0.0
latimc1,Cody Latimer,WR,DEN,152,0,0,0,0.0,0,0,0,0.0,36,547,4.2,0.3,0.0,0.0
brownp1,Corey Brown,WR,CAR,,0,0,0,0.0,0,5,40,0.0,37,558,2.9,0.4,0.0,0.0
floydm2,Malcom Floyd,WR,SD,,0,0,0,0.0,0,0,0,0.0,25,525,3.6,0.2,0.0,0.0
hawkia1,Andrew Hawkins,WR,CLE,,0,0,0,0.0,0,4,19,0.0,53,589,2.3,0.5,0.0,0.0
kearsj1,Jermaine Kearse,WR,SEA,,0,0,0,0.0,0,0,0,0.0,40,587,2.2,0.3,0.0,0.0
robera1,Andre Roberts,WR,WAS,,0,0,0,0.0,0,2,19,0.0,45,578,1.9,0.4,0.0,0.0
jennig1,Greg Jennings,WR,MIA,,0,0,0,0.0,0,0,0,0.0,35,529,2.6,0.3,0.0,0.0
bailes1,Stedman Bailey,WR,STL,,0,0,0,0.0,0,0,0,0.0,41,556,2.0,0.3,0.0,0.0
conlec1,Chris Conley,WR,KC,,0,0,0,0.0,0,0,0,0.0,34,494,3.0,0.3,0.0,0.0
hankel1,Leonard Hankerson,WR,ATL,,0,0,0,0.0,0,0,0,0.0,34,499,2.9,0.3,0.0,0.0
beaslc1,Cole Beasley,WR,DAL,,0,0,0,0.0,0,0,0,0.0,42,489,3.0,0.4,0.0,0.0
wrighj2,Jarius Wright,WR,MIN,,0,0,0,0.0,0,4,41,0.0,38,474,2.1,0.3,0.0,0.0
leem1,Marqise Lee,WR,JAX,,0,0,0,0.0,0,0,0,0.0,35,513,2.1,0.3,0.0,0.0
austit2,Tavon Austin,WR,STL,,0,0,0,0.0,0,17,110,1.2,38,364,1.6,0.5,0.0,0.0
washin1,Nate Washington,WR,HOU,,0,0,0,0.0,0,0,0,0.0,31,398,3.1,0.2,0.0,0.0
campam1,Michael Campanaro,WR,BAL,,0,0,0,0.0,0,0,0,0.0,30,411,2.7,0.2,0.0,0.0
murphl1,Louis Murphy,WR,TB,,0,0,0,0.0,0,0,0,0.0,28,388,2.8,0.3,0.0,0.0
huffj1,Josh Huff,WR,PHI,,0,0,0,0.0,0,5,31,0.1,28,365,2.3,0.2,0.0,0.0
greend1,Dorial Green-Beckham,WR,TEN,157,0,0,0,0.0,0,0,0,0.0,27,411,2.0,0.2,0.0,0.0
montgt1,Ty Montgomery,WR,GB,184,0,0,0,0.0,0,0,0,0.0,22,358,2.7,0.2,0.0,0.0
shortc1,Cecil Shorts,WR,HOU,,0,0,0,0.0,0,0,0,0.0,28,362,2.7,0.2,0.0,0.0
huntej1,Justin Hunter,WR,TEN,,0,0,0,0.0,0,0,0,0.0,25,376,1.9,0.2,0.0,0.0
whitek1,Kevin White,WR,CHI,198,0,0,0,0.0,0,0,0,0.0,34,358,1.9,0.3,0.0,0.0
woodsr1,Robert Woods,WR,BUF,,0,0,0,0.0,0,0,0,0.0,24,356,1.8,0.2,0.0,0.0
strear1,Rod Streater,WR,OAK,,0,0,0,0.0,0,0,0,0.0,26,329,2.2,0.2,0.0,0.0
stronj1,Jaelen Strong,WR,HOU,,0,0,0,0.0,0,0,0,0.0,20,308,2.4,0.2,0.0,0.0
brownj4,Jaron Brown,WR,ARI,,0,0,0,0.0,0,0,0,0.0,29,322,2.2,0.2,0.0,0.0
pattec1,Cordarrelle Patterson,WR,MIN,,0,0,0,0.0,0,6,61,0.0,28,316,1.2,0.3,0.0,0.0
holmea1,Andre Holmes,WR,OAK,,0,0,0,0.0,0,0,0,0.0,21,310,2.2,0.2,0.0,0.0
cotchj1,Jerricho Cotchery,WR,CAR,,0,0,0,0.0,0,0,0,0.0,31,314,1.8,0.3,0.0,0.0
smithd1,Devin Smith,WR,NYJ,,0,0,0,0.0,0,0,0,0.0,17,289,2.1,0.2,0.0,0.0
moncrd1,Donte Moncrief,WR,IND,,0,0,0,0.0,0,4,18,0.0,17,259,2.1,0.2,0.0,0.0
aikenk1,Kamar Aiken,WR,BAL,,0,0,0,0.0,0,0,0,0.0,23,247,2.4,0.2,0.0,0.0
douglh1,Harry Douglas,WR,TEN,,0,0,0,0.0,0,0,0,0.0,29,322,1.1,0.3,0.0,0.0
pattoq1,Quinton Patton,WR,SF,,0,0,0,0.0,0,1,11,0.0,19,246,1.9,0.2,0.0,0.0
wilsoa1,Albert Wilson,WR,KC,,0,0,0,0.0,0,0,0,0.0,20,266,1.6,0.2,0.0,0.0
wayner1,Reggie Wayne,WR,NE,173,0,0,0,0.0,0,0,0,0.0,27,286,1.3,0.2,0.0,0.0
amendd1,Danny Amendola,WR,NE,,0,0,0,0.0,0,0,0,0.0,30,266,1.4,0.2,0.0,0.0
thomad7,DeAnthony Thomas,WR,KC,,0,0,0,0.0,0,20,125,0.5,24,152,0.7,0.4,0.0,0.0
gabrit1,Taylor Gabriel,WR,CLE,,0,0,0,0.0,0,0,0,0.0,19,262,1.2,0.2,0.0,0.0
toonn1,Nick Toon,WR,NO,,0,0,0,0.0,0,2,9,0.0,12,232,0.9,0.1,0.0,0.0
johnsd9,Damaris Johnson,WR,HOU,,0,0,0,0.0,0,0,0,0.0,19,217,1.1,0.1,0.0,0.0
matthc1,Chris Matthews,WR,SEA,,0,0,0,0.0,0,0,0,0.0,16,190,1.5,0.1,0.0,0.0
grantr3,Ryan Grant,WR,WAS,,0,0,0,0.0,0,0,0,0.0,15,227,0.8,0.1,0.0,0.0
hoganc1,Chris Hogan,WR,BUF,,0,0,0,0.0,0,0,0,0.0,17,201,1.1,0.1,0.0,0.0
wilsom1,Marquess Wilson,WR,CHI,,0,0,0,0.0,0,0,0,0.0,18,199,1.1,0.2,0.0,0.0
locker1,Ricardo Lockette,WR,SEA,,0,0,0,0.0,0,0,0,0.0,12,171,1.5,0.1,0.0,0.0
sanum1,Mohamed Sanu,WR,CIN,,0,0,0,0.0,0,0,0,0.0,16,185,1.2,0.1,0.0,0.0
ginnt1,Ted Ginn,WR,CAR,,0,0,0,0.0,0,0,0,0.0,15,174,1.2,0.1,0.0,0.0
brownm2,Marlon Brown,WR,BAL,,0,0,0,0.0,0,0,0,0.0,14,164,1.3,0.1,0.0,0.0
hardyj2,Justin Hardy,WR,ATL,,0,0,0,0.0,0,0,0,0.0,11,173,1.1,0.1,0.0,0.0
nicksh1,Hakeem Nicks,WR,TEN,,0,0,0,0.0,0,0,0,0.0,13,179,0.9,0.1,0.0,0.0
coates1,Sammie Coates,WR,PIT,,0,0,0,0.0,0,0,0,0.0,13,188,0.8,0.1,0.0,0.0
cooper1,Riley Cooper,WR,PHI,,0,0,0,0.0,0,0,0,0.0,15,160,1.0,0.1,0.0,0.0
owusuc1,Chris Owusu,WR,NYJ,,0,0,0,0.0,0,0,0,0.0,13,162,0.9,0.1,0.0,0.0
morgaj2,Joseph Morgan,WR,NO,,0,0,0,0.0,0,2,19,0.0,8,139,0.9,0.1,0.0,0.0
benjat1,Travis Benjamin,WR,CLE,,0,0,0,0.0,0,2,9,0.0,10,147,0.7,0.1,0.0,0.0
whitem1,Myles White,WR,GB,,0,0,0,0.0,0,0,0,0.0,7,134,1.0,0.1,0.0,0.0
hested1,Devin Hester,WR,ATL,,0,0,0,0.0,0,7,42,0.0,8,91,0.9,0.1,0.0,0.0
jonesj4,Jacoby Jones,WR,SD,,0,0,0,0.0,0,3,18,0.0,5,107,0.6,0.1,0.0,0.0
avantj1,Jason Avant,WR,KC,,0,0,0,0.0,0,0,0,0.0,10,133,0.5,0.1,0.0,0.0
locket1,Tyler Lockett,WR,SEA,,0,0,0,0.0,0,0,0,0.0,8,114,0.8,0.1,0.0,0.0
jonesj5,James Jones,WR,NYG,,0,0,0,0.0,0,0,0,0.0,11,143,0.3,0.1,0.0,0.0
enunwq1,Quincy Enunwa,WR,NYJ,,0,0,0,0.0,0,0,0,0.0,9,126,0.5,0.1,0.0,0.0
fullec1,Corey Fuller,WR,DET,,0,0,0,0.0,0,0,0,0.0,9,127,0.4,0.1,0.0,0.0
caldwa1,Andre Caldwell,WR,DEN,,0,0,0,0.0,0,0,0,0.0,9,114,0.5,0.1,0.0,0.0
boykij1,Jarrett Boykin,WR,CAR,,0,0,0,0.0,0,0,0,0.0,9,105,0.6,0.1,0.0,0.0
rossj1,Jeremy Ross,WR,DET,,0,0,0,0.0,0,0,0,0.0,7,106,0.5,0.1,0.0,0.0
simpsj1,Jerome Simpson,WR,SF,,0,0,0,0.0,0,0,0,0.0,9,99,0.6,0.1,0.0,0.0
butleb1,Brice Butler,WR,OAK,,0,0,0,0.0,0,0,0,0.0,7,97,0.5,0.1,0.0,0.0
greenr1,Rashad Greene,WR,JAX,,0,0,0,0.0,0,0,0,0.0,10,99,0.5,0.1,0.0,0.0
goodwm1,Marquise Goodwin,WR,BUF,,0,0,0,0.0,0,0,0,0.0,5,93,0.5,0.0,0.0,0.0
dobsoa1,Aaron Dobson,WR,NE,,0,0,0,0.0,0,0,0,0.0,6,82,0.6,0.0,0.0,0.0
harrid1,Dwayne Harris,WR,NYG,,0,0,0,0.0,0,0,0,0.0,8,95,0.3,0.1,0.0,0.0
givenc1,Chris Givens,WR,STL,,0,0,0,0.0,0,0,0,0.0,7,77,0.5,0.1,0.0,0.0
streed1,Devin Street,WR,DAL,,0,0,0,0.0,0,0,0,0.0,7,85,0.3,0.1,0.0,0.0
bersib1,Brenton Bersin,WR,CAR,,0,0,0,0.0,0,0,0,0.0,6,70,0.4,0.1,0.0,0.0
tateb1,Brandon Tate,WR,CIN,,0,0,0,0.0,0,0,0,0.0,10,93,0.0,0.1,0.0,0.0
bellk3,Kenny Bell,WR,TB,,0,0,0,0.0,0,0,0,0.0,5,61,0.5,0.0,0.0,0.0
ellinb1,Bruce Ellington,WR,SF,,0,0,0,0.0,0,4,22,0.3,3,33,0.3,0.1,0.0,0.0
hammof1,Frankie Hammond,WR,KC,,0,0,0,0.0,0,0,0,0.0,7,76,0.0,0.1,0.0,0.0
wrighj3,James Wright,WR,CIN,,0,0,0,0.0,0,0,0,0.0,6,74,0.0,0.1,0.0,0.0
whaleg1,Griff Whalen,WR,IND,,0,0,0,0.0,0,0,0,0.0,4,47,0.4,0.0,0.0,0.0
bursei1,Isaiah Burse,WR,DEN,,0,0,0,0.0,0,0,0,0.0,4,46,0.4,0.0,0.0,0.0
heywad1,Darrius Heyward-Bey,WR,PIT,,0,0,0,0.0,0,0,0,0.0,4,47,0.3,0.0,0.0,0.0
parkep1,Preston Parker,WR,NYG,,0,0,0,0.0,0,0,0,0.0,4,48,0.3,0.0,0.0,0.0
weemse1,Eric Weems,WR,ATL,,0,0,0,0.0,0,0,0,0.0,4,45,0.3,0.0,0.0,0.0
inmand1,Dontrelle Inman,WR,SD,,0,0,0,0.0,0,0,0,0.0,4,43,0.3,0.0,0.0,0.0
austim1,Miles Austin,WR,PHI,,0,0,0,0.0,0,0,0,0.0,4,46,0.3,0.0,0.0,0.0
maylev1,Vince Mayle,WR,CLE,,0,0,0,0.0,0,0,0,0.0,3,33,0.5,0.0,0.0,0.0
goldeb1,Brittan Golden,WR,ARI,,0,0,0,0.0,0,0,0,0.0,4,43,0.3,0.0,0.0,0.0
mariam1,Marc Mariani,WR,CHI,,0,0,0,0.0,0,0,0,0.0,4,40,0.3,0.0,0.0,0.0
thiela1,Adam Thielen,WR,MIN,,0,0,0,0.0,0,0,0,0.0,3,40,0.2,0.0,0.0,0.0
thompk1,Kenbrell Thompkins,WR,OAK,,0,0,0,0.0,0,0,0,0.0,3,39,0.2,0.0,0.0,0.0
martik1,Keshawn Martin,WR,HOU,,0,0,0,0.0,0,0,0,0.0,3,36,0.2,0.0,0.0,0.0
kerlej1,Jeremy Kerley,WR,NYJ,,0,0,0,0.0,0,4,39,0.0,0,0,0.0,0.0,0.0,0.0
heminj1,Junior Hemingway,WR,KC,,0,0,0,0.0,0,0,0,0.0,3,38,0.0,0.0,0.0,0.0
moored2,Denarius Moore,WR,CIN,,0,0,0,0.0,0,0,0,0.0,3,37,0.0,0.0,0.0,0.0
washic2,Corey Washington,WR,NYG,,0,0,0,0.0,0,0,0,0.0,2,24,0.1,0.0,0.0,0.0
herror1,Robert Herron,WR,TB,,0,0,0,0.0,0,0,0,0.0,2,20,0.1,0.0,0.0,0.0
